Filename,Firstname,Surname,Position,Birthdate,Height,Hometown,Club
2012/rachel-buehler.html,Rachel,Van Hollebeke,Defender,1985-08-26T00:00:00Z,5-5,"Del Mar, Calif.",Portland Thorns FC
2012/amy-lepeilbet.html,Amy,LePeilbet,Defender,1982-03-12T00:00:00Z,5-7,"Crystal Lake, Ill.",Chicago Red Stars
2012/lori-lindsey.html,Lori,Lindsey,Midfielder,1980-03-19T00:00:00Z,5-5,"Indianapolis, Ind.",Washington Spirit
2012/stephanie-cox.html,Stephanie,Cox,Defender,1986-04-03T00:00:00Z,5-6,"Elk Grove, Calif.",Seattle Reign FC
2012/tobin-heath.html,Tobin,Heath,Forward,1988-05-29T00:00:00Z,5-6,"Basking Ridge, N.J.",Portland Thorns FC
2012/carli-lloyd.html,Carli,Lloyd,Forward,1982-07-16T00:00:00Z,5-8,"Delran, N.J.",Sky Blue FC
2012/christie-rampone.html,Christie,Rampone,Defender,1975-06-24T00:00:00Z,5-6,"Point Pleasant, N.J.",Sky Blue FC
2012/jillian-loyden.html,Jill,Loyden,Goalkeeper,1985-05-25T00:00:00Z,5-10,"Vineland, N.J.",Sky Blue FC
2012/shannon-boxx.html,Shannon,Boxx,Midfielder,1977-06-29T00:00:00Z,5-8,"Redondo Beach, Calif.",Chicago Red Stars
2012/becky-sauerbrunn.html,Becky,Sauerbrunn,Defender,1985-06-06T00:00:00Z,5-7,"St. Louis, Mo.",Utah Royals FC
2012/nicole-barnhart.html,Nicole,Barnhart,Goalkeeper,1981-10-10T00:00:00Z,5-10,"Gilbertsville, Pa.",FC Kansas City
2012/megan-rapinoe.html,Megan,Rapinoe,Forward,1985-07-05T00:00:00Z,5-7,"Redding, Calif.",Seattle Reign FC
2012/hope-solo.html,Hope,Solo,Goalkeeper,1981-07-30T00:00:00Z,5-9,"Richland, Wash.",Seattle Reign FC
2012/sydney-leroux.html,Sydney,Leroux,Forward,1990-05-07T00:00:00Z,5-7,"Scottsdale, Ariz.",FC Kansas City
2012/heather-oreilly.html,Heather,O'Reilly,Midfielder,1985-01-02T00:00:00Z,5-5,"East Brunswick, N.J.",FC Kansas City
2012/kelley-ohara.html,Kelley,O'Hara,Defender,1988-08-04T00:00:00Z,5-5,"Fayetteville, Ga.",Utah Royals FC
2012/lauren-holiday.html,Lauren,Holiday,Midfielder,1987-09-30T00:00:00Z,5-8,"Indianapolis, Ind.",FC Kansas City
2012/abby-wambach.html,Abby,Wambach,Forward,1980-06-02T00:00:00Z,5-11,"Rochester, N.Y.",Unattached
2012/heather-mitts.html,Heather,Mitts,Defender,1978-06-09T00:00:00Z,5-5,"Cincinnati, Ohio",Boston Breakers
2012/ali-krieger.html,Ali,Krieger,Defender,1984-07-28T00:00:00Z,5-6,"Dumfries, Va.",Orlando Pride
2012/alex-morgan.html,Alex,Morgan,Forward,1989-07-02T00:00:00Z,5-7,"Diamond Bar, Calif.",Orlando Pride
2012/amy-rodriguez.html,Amy,Rodriguez,Forward,1987-02-17T00:00:00Z,5-4,"Lake Forest, Calif.",Utah Royals FC
